{"cameraMode":{"drawMode":0,"name":"Shaded","section":"Shading Mode"},"sceneLighting":true,"audioPlay":false,"sceneViewState":{"showFog":true,"showMaterialUpdate":true,"showSkybox":true,"showFlares":true,"showImageEffects":true,"showParticleSystems":true},"in2DMode":false,"pivot":{"x":-1.9131393432617188,"y":-0.28760337829589846,"z":2.2007408142089845},"rotation":{"x":-0.09315597265958786,"y":0.8877190351486206,"z":-0.20627133548259736,"w":-0.4009104073047638},"size":34.16532897949219,"orthographic":false}